repo,task_a_id,task_b_id,jaccard,cosine,files_a,files_b
django/django,django__django-10999,django__django-13933,0.16666666666666666,0.1319581618022089,django/utils/dateparse.py,django/forms/models.py
django/django,django__django-10097,django__django-10999,0.14035087719298245,0.22023354440544993,django/core/validators.py,django/utils/dateparse.py
django/django,django__django-11433,django__django-12193,0.10526315789473684,0.2031695753645167,django/forms/models.py,django/forms/widgets.py
django/django,django__django-11239,django__django-13112,0.10891089108910891,0.13311110996692455,django/db/backends/postgresql/client.py,django/db/models/fields/related.py
django/django,django__django-11179,django__django-12308,0.14814814814814814,0.13624650624088452,django/db/models/deletion.py,django/contrib/admin/utils.py
django/django,django__django-11099,django__django-11490,0.1095890410958904,0.07951194795028561,django/contrib/auth/validators.py,django/db/models/sql/compiler.py
django/django,django__django-10999,django__django-12304,0.1111111111111111,0.15828913515290374,django/utils/dateparse.py,django/db/models/enums.py
django/django,django__django-13363,django__django-14315,0.16455696202531644,0.180943130034915,django/db/models/functions/datetime.py,"django/db/backends/base/client.py,django/db/backends/postgresql/client.py"
django/django,django__django-10914,django__django-13551,0.1044776119402985,0.14823157167307804,django/conf/global_settings.py,django/contrib/auth/tokens.py
django/django,django__django-12193,django__django-12308,0.125,0.22736883199448288,django/forms/widgets.py,django/contrib/admin/utils.py
django/django,django__django-10097,django__django-11820,0.13333333333333333,0.12623443509143217,django/core/validators.py,django/db/models/base.py
django/django,django__django-10097,django__django-11451,0.14754098360655737,0.18053483648754576,django/core/validators.py,django/contrib/auth/backends.py
django/django,django__django-10999,django__django-11133,0.10144927536231885,0.15875293904858892,django/utils/dateparse.py,django/http/response.py
django/django,django__django-11179,django__django-11603,0.1568627450980392,0.3039587184583245,django/db/models/deletion.py,django/db/models/aggregates.py
django/django,django__django-11179,django__django-14089,0.18604651162790697,0.27034610144372306,django/db/models/deletion.py,django/utils/datastructures.py
django/django,django__django-13023,django__django-13821,0.15789473684210525,0.1934537286682878,django/db/models/fields/__init__.py,django/db/backends/sqlite3/base.py
django/django,django__django-10097,django__django-11119,0.12280701754385964,0.15089677841703403,django/core/validators.py,django/template/engine.py
django/django,django__django-13417,django__django-13933,0.13846153846153847,0.23097863506646693,django/db/models/query.py,django/forms/models.py
django/django,django__django-11163,django__django-11490,0.14925373134328357,0.17338490830433406,django/forms/models.py,django/db/models/sql/compiler.py
django/django,django__django-12125,django__django-14315,0.15151515151515152,0.2434132718899302,django/db/migrations/serializer.py,"django/db/backends/base/client.py,django/db/backends/postgresql/client.py"
sympy/sympy,sympy__sympy-16766,sympy__sympy-19954,0.09345794392523364,0.1192695784598193,sympy/printing/pycode.py,sympy/combinatorics/perm_groups.py
sympy/sympy,sympy__sympy-11618,sympy__sympy-13551,0.1553398058252427,0.2212960964917563,sympy/geometry/point.py,sympy/concrete/products.py
sympy/sympy,sympy__sympy-19346,sympy__sympy-19783,0.0990990990990991,0.3044944953001426,sympy/printing/repr.py,"sympy/physics/quantum/dagger.py,sympy/physics/quantum/operator.py"
sympy/sympy,sympy__sympy-17655,sympy__sympy-13091,0.03167420814479638,0.31722064196101013,sympy/geometry/point.py,"sympy/core/basic.py,sympy/core/exprtools.py,sympy/core/numbers.py,sympy/geometry/entity.py,sympy/physics/optics/medium.py,sympy/physics/vector/dyadic.py,sympy/physics/vector/frame.py,sympy/physics/vector/vector.py,sympy/polys/agca/modules.py,sympy/polys/domains/domain.py,sympy/polys/domains/expressiondomain.py,sympy/polys/domains/pythonrational.py,sympy/polys/domains/quotientring.py,sympy/polys/fields.py,sympy/polys/monomials.py,sympy/polys/polyclasses.py,sympy/polys/polytools.py,sympy/polys/rings.py,sympy/polys/rootoftools.py,sympy/tensor/array/ndim_array.py,sympy/utilities/enumerative.py"
sympy/sympy,sympy__sympy-12096,sympy__sympy-18189,0.22413793103448276,0.16137491110944124,sympy/core/function.py,sympy/solvers/diophantine.py
sympy/sympy,sympy__sympy-15809,sympy__sympy-17655,0.140625,0.18251363984738517,sympy/functions/elementary/miscellaneous.py,sympy/geometry/point.py
sympy/sympy,sympy__sympy-23534,sympy__sympy-20154,0.08148148148148149,0.0994969692529089,sympy/core/symbol.py,sympy/utilities/iterables.py
sympy/sympy,sympy__sympy-19637,sympy__sympy-23534,0.24444444444444444,0.2867649240660883,sympy/core/sympify.py,sympy/core/symbol.py
sympy/sympy,sympy__sympy-15345,sympy__sympy-19783,0.10810810810810811,0.2573272548724796,sympy/printing/mathematica.py,"sympy/physics/quantum/dagger.py,sympy/physics/quantum/operator.py"
sympy/sympy,sympy__sympy-16450,sympy__sympy-19346,0.14814814814814814,0.11687677643461228,sympy/simplify/simplify.py,sympy/printing/repr.py
sympy/sympy,sympy__sympy-19495,sympy__sympy-19783,0.07035175879396985,0.1363808515479158,sympy/sets/conditionset.py,"sympy/physics/quantum/dagger.py,sympy/physics/quantum/operator.py"
sympy/sympy,sympy__sympy-14711,sympy__sympy-24562,0.16923076923076924,0.12873945748686463,sympy/physics/vector/vector.py,sympy/core/numbers.py
sympy/sympy,sympy__sympy-13480,sympy__sympy-20428,0.22,0.21571023001068682,sympy/functions/elementary/hyperbolic.py,sympy/polys/domains/expressiondomain.py
sympy/sympy,sympy__sympy-20916,sympy__sympy-18211,0.12121212121212122,0.1563506661741001,sympy/printing/conventions.py,sympy/core/relational.py
sympy/sympy,sympy__sympy-14711,sympy__sympy-17655,0.17857142857142858,0.21657983713950898,sympy/physics/vector/vector.py,sympy/geometry/point.py
sympy/sympy,sympy__sympy-19954,sympy__sympy-13615,0.11570247933884298,0.13004308930159333,sympy/combinatorics/perm_groups.py,sympy/sets/sets.py
sympy/sympy,sympy__sympy-19637,sympy__sympy-13615,0.14102564102564102,0.16069641815105373,sympy/core/sympify.py,sympy/sets/sets.py
sympy/sympy,sympy__sympy-17139,sympy__sympy-13877,0.06719367588932806,0.19536401707852655,sympy/simplify/fu.py,"sympy/matrices/matrices.py,sympy/utilities/randtest.py"
sympy/sympy,sympy__sympy-12481,sympy__sympy-16792,0.12605042016806722,0.10189544958818941,sympy/combinatorics/permutations.py,sympy/utilities/codegen.py
sympy/sympy,sympy__sympy-12419,sympy__sympy-13031,0.09923664122137404,0.23531997305716115,sympy/matrices/expressions/matexpr.py,sympy/matrices/sparse.py
sphinx-doc/sphinx,sphinx-doc__sphinx-9591,sphinx-doc__sphinx-11510,0.05045871559633028,0.14217384298988678,sphinx/domains/python.py,sphinx/directives/other.py
sphinx-doc/sphinx,sphinx-doc__sphinx-7889,sphinx-doc__sphinx-7748,0.052884615384615384,0.3287059084507422,sphinx/ext/autodoc/mock.py,sphinx/ext/autodoc/__init__.py
sphinx-doc/sphinx,sphinx-doc__sphinx-8721,sphinx-doc__sphinx-11510,0.07042253521126761,0.1318289166845178,sphinx/ext/viewcode.py,sphinx/directives/other.py
sphinx-doc/sphinx,sphinx-doc__sphinx-7462,sphinx-doc__sphinx-8459,0.11538461538461539,0.1040783376568811,"sphinx/domains/python.py,sphinx/pycode/ast.py",sphinx/ext/autodoc/typehints.py
sphinx-doc/sphinx,sphinx-doc__sphinx-9698,sphinx-doc__sphinx-10466,0.1527777777777778,0.19099230845184445,sphinx/domains/python.py,sphinx/builders/gettext.py
sphinx-doc/sphinx,sphinx-doc__sphinx-8595,sphinx-doc__sphinx-9591,0.16216216216216217,0.2226383781109002,sphinx/ext/autodoc/__init__.py,sphinx/domains/python.py
sphinx-doc/sphinx,sphinx-doc__sphinx-10466,sphinx-doc__sphinx-7590,0.035897435897435895,0.26120648223220405,sphinx/builders/gettext.py,"sphinx/domains/c.py,sphinx/domains/cpp.py,sphinx/util/cfamily.py"
sphinx-doc/sphinx,sphinx-doc__sphinx-10435,sphinx-doc__sphinx-11510,0.048672566371681415,0.1097672733970306,sphinx/writers/latex.py,sphinx/directives/other.py
sphinx-doc/sphinx,sphinx-doc__sphinx-10435,sphinx-doc__sphinx-9602,0.09016393442622951,0.11447652838022257,sphinx/writers/latex.py,sphinx/domains/python.py
sphinx-doc/sphinx,sphinx-doc__sphinx-8721,sphinx-doc__sphinx-8035,0.08900523560209424,0.09506953905618833,sphinx/ext/viewcode.py,sphinx/ext/autodoc/__init__.py
sphinx-doc/sphinx,sphinx-doc__sphinx-9711,sphinx-doc__sphinx-10673,0.10204081632653061,0.1328380331697526,sphinx/extension.py,"sphinx/directives/other.py,sphinx/environment/adapters/toctree.py,sphinx/environment/collectors/toctree.py"
sphinx-doc/sphinx,sphinx-doc__sphinx-8269,sphinx-doc__sphinx-9591,0.17647058823529413,0.20908737451033138,sphinx/builders/linkcheck.py,sphinx/domains/python.py
sphinx-doc/sphinx,sphinx-doc__sphinx-8035,sphinx-doc__sphinx-8120,0.0916030534351145,0.14720267556894967,sphinx/ext/autodoc/__init__.py,"sphinx/application.py,sphinx/locale/__init__.py"
sphinx-doc/sphinx,sphinx-doc__sphinx-7454,sphinx-doc__sphinx-10673,0.057034220532319393,0.19597998008762155,sphinx/domains/python.py,"sphinx/directives/other.py,sphinx/environment/adapters/toctree.py,sphinx/environment/collectors/toctree.py"
sphinx-doc/sphinx,sphinx-doc__sphinx-7454,sphinx-doc__sphinx-8459,0.136986301369863,0.18387771831524963,sphinx/domains/python.py,sphinx/ext/autodoc/typehints.py
sphinx-doc/sphinx,sphinx-doc__sphinx-7748,sphinx-doc__sphinx-10614,0.08888888888888889,0.11913902420134484,sphinx/ext/autodoc/__init__.py,sphinx/ext/inheritance_diagram.py
sphinx-doc/sphinx,sphinx-doc__sphinx-8459,sphinx-doc__sphinx-9698,0.15714285714285714,0.14387030942965,sphinx/ext/autodoc/typehints.py,sphinx/domains/python.py
sphinx-doc/sphinx,sphinx-doc__sphinx-8551,sphinx-doc__sphinx-11510,0.05084745762711865,0.18094993864893366,"sphinx/domains/python.py,sphinx/util/docfields.py",sphinx/directives/other.py
sphinx-doc/sphinx,sphinx-doc__sphinx-8595,sphinx-doc__sphinx-9258,0.136986301369863,0.2002003131713886,sphinx/ext/autodoc/__init__.py,sphinx/domains/python.py
sphinx-doc/sphinx,sphinx-doc__sphinx-7462,sphinx-doc__sphinx-8475,0.0975609756097561,0.12170280325987944,"sphinx/domains/python.py,sphinx/pycode/ast.py",sphinx/builders/linkcheck.py
matplotlib/matplotlib,matplotlib__matplotlib-25122,matplotlib__matplotlib-22871,0.11764705882352941,0.14605545904244055,lib/matplotlib/mlab.py,lib/matplotlib/dates.py
matplotlib/matplotlib,matplotlib__matplotlib-22719,matplotlib__matplotlib-26113,0.11403508771929824,0.20275497316649854,lib/matplotlib/category.py,lib/matplotlib/axes/_axes.py
matplotlib/matplotlib,matplotlib__matplotlib-14623,matplotlib__matplotlib-26291,0.07857142857142857,0.1777870950028418,"lib/matplotlib/axes/_base.py,lib/matplotlib/ticker.py,lib/mpl_toolkits/mplot3d/axes3d.py",lib/mpl_toolkits/axes_grid1/inset_locator.py
matplotlib/matplotlib,matplotlib__matplotlib-25311,matplotlib__matplotlib-22871,0.12380952380952381,0.1766170324452435,lib/matplotlib/offsetbox.py,lib/matplotlib/dates.py
matplotlib/matplotlib,matplotlib__matplotlib-22871,matplotlib__matplotlib-26342,0.10465116279069768,0.15871586158994017,lib/matplotlib/dates.py,lib/matplotlib/collections.py
matplotlib/matplotlib,matplotlib__matplotlib-26208,matplotlib__matplotlib-26291,0.13793103448275862,0.21840950025670253,lib/matplotlib/axes/_base.py,lib/mpl_toolkits/axes_grid1/inset_locator.py
matplotlib/matplotlib,matplotlib__matplotlib-24149,matplotlib__matplotlib-23299,0.13186813186813187,0.1402724742523306,lib/matplotlib/axes/_axes.py,lib/matplotlib/__init__.py
matplotlib/matplotlib,matplotlib__matplotlib-14623,matplotlib__matplotlib-22865,0.07096774193548387,0.24743938763100695,"lib/matplotlib/axes/_base.py,lib/matplotlib/ticker.py,lib/mpl_toolkits/mplot3d/axes3d.py",lib/matplotlib/colorbar.py
matplotlib/matplotlib,matplotlib__matplotlib-26208,matplotlib__matplotlib-22871,0.0963855421686747,0.14887169169134123,lib/matplotlib/axes/_base.py,lib/matplotlib/dates.py
matplotlib/matplotlib,matplotlib__matplotlib-24570,matplotlib__matplotlib-22871,0.14444444444444443,0.21335333113640045,lib/matplotlib/offsetbox.py,lib/matplotlib/dates.py
matplotlib/matplotlib,matplotlib__matplotlib-25287,matplotlib__matplotlib-26342,0.1125,0.30559156377141283,lib/matplotlib/axis.py,lib/matplotlib/collections.py
matplotlib/matplotlib,matplotlib__matplotlib-20859,matplotlib__matplotlib-26113,0.12087912087912088,0.18424914939067835,lib/matplotlib/legend.py,lib/matplotlib/axes/_axes.py
matplotlib/matplotlib,matplotlib__matplotlib-24149,matplotlib__matplotlib-25960,0.07216494845360824,0.09540199442016194,lib/matplotlib/axes/_axes.py,lib/matplotlib/figure.py
matplotlib/matplotlib,matplotlib__matplotlib-25122,matplotlib__matplotlib-26342,0.08035714285714286,0.06603852610839075,lib/matplotlib/mlab.py,lib/matplotlib/collections.py
matplotlib/matplotlib,matplotlib__matplotlib-24149,matplotlib__matplotlib-23314,0.15384615384615385,0.1211824509646319,lib/matplotlib/axes/_axes.py,lib/mpl_toolkits/mplot3d/axes3d.py
matplotlib/matplotlib,matplotlib__matplotlib-23299,matplotlib__matplotlib-25775,0.08239700374531835,0.1995100004775297,lib/matplotlib/__init__.py,"lib/matplotlib/backends/backend_agg.py,lib/matplotlib/backends/backend_cairo.py,lib/matplotlib/text.py"
matplotlib/matplotlib,matplotlib__matplotlib-14623,matplotlib__matplotlib-25960,0.10121457489878542,0.3168053576864997,"lib/matplotlib/axes/_base.py,lib/matplotlib/ticker.py,lib/mpl_toolkits/mplot3d/axes3d.py",lib/matplotlib/figure.py
matplotlib/matplotlib,matplotlib__matplotlib-25311,matplotlib__matplotlib-25479,0.1076923076923077,0.3358973271847496,lib/matplotlib/offsetbox.py,"lib/matplotlib/cm.py,lib/matplotlib/colors.py"
matplotlib/matplotlib,matplotlib__matplotlib-24570,matplotlib__matplotlib-26291,0.11428571428571428,0.0987146031175575,lib/matplotlib/offsetbox.py,lib/mpl_toolkits/axes_grid1/inset_locator.py
matplotlib/matplotlib,matplotlib__matplotlib-25479,matplotlib__matplotlib-24637,0.11206896551724138,0.3097870857975628,"lib/matplotlib/cm.py,lib/matplotlib/colors.py",lib/matplotlib/offsetbox.py
scikit-learn/scikit-learn,scikit-learn__scikit-learn-13124,scikit-learn__scikit-learn-15100,0.08955223880597014,0.10381822152648834,sklearn/model_selection/_split.py,sklearn/feature_extraction/text.py
scikit-learn/scikit-learn,scikit-learn__scikit-learn-11578,scikit-learn__scikit-learn-14710,0.12857142857142856,0.11345713992834862,sklearn/linear_model/logistic.py,sklearn/ensemble/_hist_gradient_boosting/gradient_boosting.py
scikit-learn/scikit-learn,scikit-learn__scikit-learn-11578,scikit-learn__scikit-learn-25931,0.11023622047244094,0.106896852827395,sklearn/linear_model/logistic.py,sklearn/ensemble/_iforest.py
scikit-learn/scikit-learn,scikit-learn__scikit-learn-11310,scikit-learn__scikit-learn-26194,0.09016393442622951,0.1878543597736756,sklearn/model_selection/_search.py,sklearn/metrics/_ranking.py
scikit-learn/scikit-learn,scikit-learn__scikit-learn-13328,scikit-learn__scikit-learn-13439,0.15942028985507245,0.2092080191088172,sklearn/linear_model/huber.py,sklearn/pipeline.py
scikit-learn/scikit-learn,scikit-learn__scikit-learn-12973,scikit-learn__scikit-learn-15100,0.09868421052631579,0.09231751133610695,sklearn/linear_model/least_angle.py,sklearn/feature_extraction/text.py
scikit-learn/scikit-learn,scikit-learn__scikit-learn-11310,scikit-learn__scikit-learn-11578,0.11940298507462686,0.13596150468971668,sklearn/model_selection/_search.py,sklearn/linear_model/logistic.py
scikit-learn/scikit-learn,scikit-learn__scikit-learn-12682,scikit-learn__scikit-learn-26323,0.03357314148681055,0.20619182933079028,"examples/decomposition/plot_sparse_coding.py,sklearn/decomposition/dict_learning.py",sklearn/compose/_column_transformer.py
scikit-learn/scikit-learn,scikit-learn__scikit-learn-13439,scikit-learn__scikit-learn-14629,0.13043478260869565,0.30207714317566914,sklearn/pipeline.py,sklearn/multioutput.py
scikit-learn/scikit-learn,scikit-learn__scikit-learn-13779,scikit-learn__scikit-learn-12682,0.03631961259079903,0.1614339349564023,sklearn/ensemble/voting.py,"examples/decomposition/plot_sparse_coding.py,sklearn/decomposition/dict_learning.py"
scikit-learn/scikit-learn,scikit-learn__scikit-learn-13328,scikit-learn__scikit-learn-14894,0.1780821917808219,0.19628808512044,sklearn/linear_model/huber.py,sklearn/svm/base.py
scikit-learn/scikit-learn,scikit-learn__scikit-learn-12585,scikit-learn__scikit-learn-13328,0.14492753623188406,0.17054585984753573,sklearn/base.py,sklearn/linear_model/huber.py
scikit-learn/scikit-learn,scikit-learn__scikit-learn-13142,scikit-learn__scikit-learn-14629,0.1144578313253012,0.3356147661694498,sklearn/mixture/base.py,sklearn/multioutput.py
scikit-learn/scikit-learn,scikit-learn__scikit-learn-14710,scikit-learn__scikit-learn-25931,0.08527131782945736,0.407374632452031,sklearn/ensemble/_hist_gradient_boosting/gradient_boosting.py,sklearn/ensemble/_iforest.py
scikit-learn/scikit-learn,scikit-learn__scikit-learn-25747,scikit-learn__scikit-learn-25931,0.08888888888888889,0.07607214170621562,sklearn/utils/_set_output.py,sklearn/ensemble/_iforest.py
scikit-learn/scikit-learn,scikit-learn__scikit-learn-25232,scikit-learn__scikit-learn-12682,0.053784860557768925,0.2775671460320413,sklearn/impute/_iterative.py,"examples/decomposition/plot_sparse_coding.py,sklearn/decomposition/dict_learning.py"
scikit-learn/scikit-learn,scikit-learn__scikit-learn-14087,scikit-learn__scikit-learn-14710,0.09278350515463918,0.3888786814197034,sklearn/linear_model/logistic.py,sklearn/ensemble/_hist_gradient_boosting/gradient_boosting.py
scikit-learn/scikit-learn,scikit-learn__scikit-learn-10844,scikit-learn__scikit-learn-14894,0.12790697674418605,0.13393339023622697,sklearn/metrics/cluster/supervised.py,sklearn/svm/base.py
scikit-learn/scikit-learn,scikit-learn__scikit-learn-9288,scikit-learn__scikit-learn-15100,0.125,0.12694948974417677,sklearn/cluster/k_means_.py,sklearn/feature_extraction/text.py
scikit-learn/scikit-learn,scikit-learn__scikit-learn-14496,scikit-learn__scikit-learn-14629,0.10526315789473684,0.13428620789133683,sklearn/cluster/optics_.py,sklearn/multioutput.py
astropy/astropy,astropy__astropy-7671,astropy__astropy-13977,0.060498220640569395,0.075443628117551,astropy/utils/introspection.py,astropy/units/quantity.py
astropy/astropy,astropy__astropy-13579,astropy__astropy-14369,0.043859649122807015,0.05593567063598027,astropy/wcs/wcsapi/wrappers/sliced_wcs.py,"astropy/units/format/cds.py,astropy/units/format/cds_parsetab.py"
astropy/astropy,astropy__astropy-13236,astropy__astropy-14096,0.10909090909090909,0.15656194158922127,astropy/table/table.py,astropy/coordinates/sky_coordinate.py
astropy/astropy,astropy__astropy-8707,astropy__astropy-14096,0.05572755417956656,0.0817449848049166,"astropy/io/fits/card.py,astropy/io/fits/header.py",astropy/coordinates/sky_coordinate.py
astropy/astropy,astropy__astropy-7336,astropy__astropy-14539,0.16393442622950818,0.1892670570725998,astropy/units/decorators.py,astropy/io/fits/diff.py
astropy/astropy,astropy__astropy-14995,astropy__astropy-13453,0.09210526315789473,0.14049397217838183,astropy/nddata/mixins/ndarithmetic.py,astropy/io/ascii/html.py
astropy/astropy,astropy__astropy-7336,astropy__astropy-14508,0.13178294573643412,0.12610931187782906,astropy/units/decorators.py,astropy/io/fits/card.py
astropy/astropy,astropy__astropy-14995,astropy__astropy-8872,0.1310344827586207,0.1343388067733547,astropy/nddata/mixins/ndarithmetic.py,astropy/units/quantity.py
astropy/astropy,astropy__astropy-13977,astropy__astropy-13579,0.051181102362204724,0.056715973846229666,astropy/units/quantity.py,astropy/wcs/wcsapi/wrappers/sliced_wcs.py
astropy/astropy,astropy__astropy-12907,astropy__astropy-14365,0.1527777777777778,0.08951788242885164,astropy/modeling/separable.py,astropy/io/ascii/qdp.py
astropy/astropy,astropy__astropy-12907,astropy__astropy-13033,0.13253012048192772,0.07355356235494748,astropy/modeling/separable.py,astropy/timeseries/core.py
astropy/astropy,astropy__astropy-13977,astropy__astropy-14369,0.0488997555012225,0.0455596528741303,astropy/units/quantity.py,"astropy/units/format/cds.py,astropy/units/format/cds_parsetab.py"
astropy/astropy,astropy__astropy-12907,astropy__astropy-14369,0.04090909090909091,0.06340459041224443,astropy/modeling/separable.py,"astropy/units/format/cds.py,astropy/units/format/cds_parsetab.py"
astropy/astropy,astropy__astropy-7671,astropy__astropy-13579,0.10309278350515463,0.08598651824803422,astropy/utils/introspection.py,astropy/wcs/wcsapi/wrappers/sliced_wcs.py
astropy/astropy,astropy__astropy-7671,astropy__astropy-14096,0.08928571428571429,0.11080805862938471,astropy/utils/introspection.py,astropy/coordinates/sky_coordinate.py
astropy/astropy,astropy__astropy-7606,astropy__astropy-13398,0.03826955074875208,0.12321995408010358,astropy/units/core.py,"astropy/coordinates/builtin_frames/__init__.py,astropy/coordinates/builtin_frames/intermediate_rotation_transforms.py,astropy/coordinates/builtin_frames/itrs.py,astropy/coordinates/builtin_frames/itrs_observed_transforms.py"
astropy/astropy,astropy__astropy-14309,astropy__astropy-14598,0.10576923076923077,0.21256974685599622,astropy/io/fits/connect.py,astropy/io/fits/card.py
astropy/astropy,astropy__astropy-8872,astropy__astropy-14365,0.125,0.11825030720857313,astropy/units/quantity.py,astropy/io/ascii/qdp.py
astropy/astropy,astropy__astropy-8872,astropy__astropy-13236,0.12025316455696203,0.18255297127338777,astropy/units/quantity.py,astropy/table/table.py
astropy/astropy,astropy__astropy-7336,astropy__astropy-7606,0.17045454545454544,0.1729920696500019,astropy/units/decorators.py,astropy/units/core.py
pydata/xarray,pydata__xarray-6938,pydata__xarray-7229,0.09885931558935361,0.09814112649698425,"xarray/core/dataset.py,xarray/core/variable.py",xarray/core/computation.py
pydata/xarray,pydata__xarray-4075,pydata__xarray-6599,0.13541666666666666,0.15969408091853707,xarray/core/weighted.py,xarray/core/computation.py
pydata/xarray,pydata__xarray-4094,pydata__xarray-3677,0.15254237288135594,0.37491785861018007,xarray/core/dataarray.py,xarray/core/dataset.py
pydata/xarray,pydata__xarray-4356,pydata__xarray-4629,0.14634146341463414,0.21184693232929633,xarray/core/nanops.py,xarray/core/merge.py
pydata/xarray,pydata__xarray-4695,pydata__xarray-6938,0.08196721311475409,0.37486524363974943,xarray/core/dataarray.py,"xarray/core/dataset.py,xarray/core/variable.py"
pydata/xarray,pydata__xarray-4356,pydata__xarray-6461,0.1588785046728972,0.2049985047617007,xarray/core/nanops.py,xarray/core/computation.py
pydata/xarray,pydata__xarray-7233,pydata__xarray-6992,0.05136986301369863,0.2012921207335976,xarray/core/rolling.py,"xarray/core/dataset.py,xarray/core/indexes.py"
pydata/xarray,pydata__xarray-6599,pydata__xarray-6721,0.13513513513513514,0.2831856854168997,xarray/core/computation.py,xarray/core/common.py
pydata/xarray,pydata__xarray-3095,pydata__xarray-6599,0.06477732793522267,0.23516386152277752,"xarray/core/indexing.py,xarray/core/variable.py",xarray/core/computation.py
pydata/xarray,pydata__xarray-4687,pydata__xarray-7233,0.08,0.11769486975808367,xarray/core/computation.py,xarray/core/rolling.py
pydata/xarray,pydata__xarray-4075,pydata__xarray-7229,0.0893854748603352,0.08543957247978767,xarray/core/weighted.py,xarray/core/computation.py
pydata/xarray,pydata__xarray-2905,pydata__xarray-7229,0.075,0.10204105500232698,xarray/core/variable.py,xarray/core/computation.py
pydata/xarray,pydata__xarray-2905,pydata__xarray-6744,0.102803738317757,0.10818946841274284,xarray/core/variable.py,xarray/core/rolling.py
pydata/xarray,pydata__xarray-3151,pydata__xarray-4966,0.12903225806451613,0.09800994720708625,xarray/core/combine.py,xarray/coding/variables.py
pydata/xarray,pydata__xarray-3305,pydata__xarray-7229,0.12307692307692308,0.3513800095778295,"xarray/core/dataset.py,xarray/core/variable.py",xarray/core/computation.py
pydata/xarray,pydata__xarray-4629,pydata__xarray-4687,0.0851063829787234,0.16274102839055385,xarray/core/merge.py,xarray/core/computation.py
pydata/xarray,pydata__xarray-3677,pydata__xarray-6599,0.11428571428571428,0.37089159697345714,xarray/core/dataset.py,xarray/core/computation.py
pydata/xarray,pydata__xarray-4075,pydata__xarray-4629,0.13414634146341464,0.14168597918106748,xarray/core/weighted.py,xarray/core/merge.py
pydata/xarray,pydata__xarray-6721,pydata__xarray-7233,0.14925373134328357,0.19586189742400673,xarray/core/common.py,xarray/core/rolling.py
pydata/xarray,pydata__xarray-4094,pydata__xarray-4687,0.08163265306122448,0.19924708875712963,xarray/core/dataarray.py,xarray/core/computation.py
pytest-dev/pytest,pytest-dev__pytest-7324,pytest-dev__pytest-8399,0.10457516339869281,0.26306021498165527,src/_pytest/mark/expression.py,"src/_pytest/python.py,src/_pytest/unittest.py"
pytest-dev/pytest,pytest-dev__pytest-7432,pytest-dev__pytest-7236,0.09302325581395349,0.17524722742538448,src/_pytest/skipping.py,src/_pytest/unittest.py
pytest-dev/pytest,pytest-dev__pytest-7521,pytest-dev__pytest-6197,0.10569105691056911,0.2237659002513537,src/_pytest/capture.py,src/_pytest/python.py
pytest-dev/pytest,pytest-dev__pytest-5809,pytest-dev__pytest-7571,0.075,0.09944704962345348,src/_pytest/pastebin.py,src/_pytest/logging.py
pytest-dev/pytest,pytest-dev__pytest-7432,pytest-dev__pytest-10356,0.08441558441558442,0.15982504790706398,src/_pytest/skipping.py,src/_pytest/mark/structures.py
pytest-dev/pytest,pytest-dev__pytest-5631,pytest-dev__pytest-7324,0.11029411764705882,0.1580621748277924,src/_pytest/compat.py,src/_pytest/mark/expression.py
pytest-dev/pytest,pytest-dev__pytest-6202,pytest-dev__pytest-5840,0.056338028169014086,0.3029555465668725,src/_pytest/python.py,"src/_pytest/config/__init__.py,src/_pytest/pathlib.py"
pytest-dev/pytest,pytest-dev__pytest-5631,pytest-dev__pytest-5787,0.0627177700348432,0.14439512443190028,src/_pytest/compat.py,src/_pytest/reports.py
pytest-dev/pytest,pytest-dev__pytest-5262,pytest-dev__pytest-5809,0.10294117647058823,0.19975426415443936,src/_pytest/capture.py,src/_pytest/pastebin.py
pytest-dev/pytest,pytest-dev__pytest-7432,pytest-dev__pytest-5840,0.06511627906976744,0.1894889901181016,src/_pytest/skipping.py,"src/_pytest/config/__init__.py,src/_pytest/pathlib.py"
pytest-dev/pytest,pytest-dev__pytest-7236,pytest-dev__pytest-7324,0.11538461538461539,0.2817178749207092,src/_pytest/unittest.py,src/_pytest/mark/expression.py
pytest-dev/pytest,pytest-dev__pytest-6202,pytest-dev__pytest-10051,0.10526315789473684,0.24480764393255294,src/_pytest/python.py,src/_pytest/logging.py
pytest-dev/pytest,pytest-dev__pytest-7236,pytest-dev__pytest-7490,0.12903225806451613,0.15155031902263677,src/_pytest/unittest.py,src/_pytest/skipping.py
pytest-dev/pytest,pytest-dev__pytest-5809,pytest-dev__pytest-7490,0.09803921568627451,0.06888292131332477,src/_pytest/pastebin.py,src/_pytest/skipping.py
pytest-dev/pytest,pytest-dev__pytest-6197,pytest-dev__pytest-10356,0.1152073732718894,0.24704140104067435,src/_pytest/python.py,src/_pytest/mark/structures.py
pytest-dev/pytest,pytest-dev__pytest-7521,pytest-dev__pytest-7982,0.17307692307692307,0.2541458540455895,src/_pytest/capture.py,src/_pytest/pathlib.py
pytest-dev/pytest,pytest-dev__pytest-10051,pytest-dev__pytest-5787,0.05863192182410423,0.14288086062150146,src/_pytest/logging.py,src/_pytest/reports.py
pytest-dev/pytest,pytest-dev__pytest-7205,pytest-dev__pytest-7982,0.15789473684210525,0.20404176364238308,src/_pytest/setuponly.py,src/_pytest/pathlib.py
pytest-dev/pytest,pytest-dev__pytest-6202,pytest-dev__pytest-5631,0.13333333333333333,0.18948030307913893,src/_pytest/python.py,src/_pytest/compat.py
pytest-dev/pytest,pytest-dev__pytest-7982,pytest-dev__pytest-8399,0.10309278350515463,0.1338578298821471,src/_pytest/pathlib.py,"src/_pytest/python.py,src/_pytest/unittest.py"
